<annotation><filename>blueberry_4.jpg</filename><folder>users/CanOP//uca_object_detection_2019_2020</folder><source><submittedBy>BérardVictor</submittedBy></source><imagesize><nrows>100</nrows><ncols>100</ncols></imagesize><object><name>blueberry</name><deleted>0</deleted><verified>0</verified><occluded>no</occluded><attributes></attributes><parts><hasparts></hasparts><ispartof></ispartof></parts><date>24-Oct-2019 10:24:15</date><id>0</id><type>bounding_box</type><polygon><username>anonymous</username><pt><x>2</x><y>0</y></pt><pt><x>96</x><y>0</y></pt><pt><x>96</x><y>100</y></pt><pt><x>2</x><y>100</y></pt></polygon></object></annotation>