<annotation><filename>dates_1.jpg</filename><folder>users/CanOP//uca_object_detection_2019_2020</folder><source><submittedBy>BérardVictor</submittedBy></source><imagesize><nrows>100</nrows><ncols>100</ncols></imagesize><object><name>dates</name><deleted>0</deleted><verified>0</verified><occluded>no</occluded><attributes></attributes><parts><hasparts></hasparts><ispartof></ispartof></parts><date>24-Oct-2019 13:55:29</date><id>0</id><type>bounding_box</type><polygon><username>anonymous</username><pt><x>0</x><y>26</y></pt><pt><x>100</x><y>26</y></pt><pt><x>100</x><y>73</y></pt><pt><x>0</x><y>73</y></pt></polygon></object></annotation>