<annotation><filename>guava_1.jpg</filename><folder>users/CanOP//uca_object_detection_2019_2020</folder><source><submittedBy>BérardVictor</submittedBy></source><imagesize><nrows>100</nrows><ncols>100</ncols></imagesize><object><name>guava</name><deleted>0</deleted><verified>0</verified><occluded>no</occluded><attributes></attributes><parts><hasparts></hasparts><ispartof></ispartof></parts><date>24-Oct-2019 14:04:48</date><id>0</id><type>bounding_box</type><polygon><username>anonymous</username><pt><x>4</x><y>2</y></pt><pt><x>95</x><y>2</y></pt><pt><x>95</x><y>99</y></pt><pt><x>4</x><y>99</y></pt></polygon></object></annotation>