<annotation><filename>hazelnut_1.jpg</filename><folder>users/CanOP//uca_object_detection_2019_2020</folder><source><submittedBy>BérardVictor</submittedBy></source><imagesize><nrows>100</nrows><ncols>100</ncols></imagesize><object><name>hazelnut</name><deleted>0</deleted><verified>0</verified><occluded>no</occluded><attributes></attributes><parts><hasparts></hasparts><ispartof></ispartof></parts><date>24-Oct-2019 14:05:48</date><id>0</id><type>bounding_box</type><polygon><username>anonymous</username><pt><x>21</x><y>3</y></pt><pt><x>81</x><y>3</y></pt><pt><x>81</x><y>100</y></pt><pt><x>21</x><y>100</y></pt></polygon></object></annotation>