<annotation><filename>maracuja_4.jpg</filename><folder>users/CanOP//uca_object_detection_2019_2020</folder><source><submittedBy>BérardVictor</submittedBy></source><imagesize><nrows>100</nrows><ncols>100</ncols></imagesize><object><name>maracuja</name><deleted>0</deleted><verified>0</verified><occluded>no</occluded><attributes></attributes><parts><hasparts></hasparts><ispartof></ispartof></parts><date>24-Oct-2019 15:27:50</date><id>0</id><type>bounding_box</type><polygon><username>CanOP</username><pt><x>0</x><y>8</y></pt><pt><x>99</x><y>8</y></pt><pt><x>99</x><y>91</y></pt><pt><x>0</x><y>91</y></pt></polygon></object></annotation>