<annotation><filename>maracuja_1.jpg</filename><folder>users/CanOP//uca_object_detection_2019_2020</folder><source><submittedBy>BérardVictor</submittedBy></source><imagesize><nrows>100</nrows><ncols>100</ncols></imagesize><object><name>maracuja</name><deleted>0</deleted><verified>0</verified><occluded>no</occluded><attributes></attributes><parts><hasparts/><ispartof/></parts><date>24-Oct-2019 15:26:26</date><id>0</id><type>bounding_box</type><polygon><username>anonymous</username><pt><x>8</x><y>0</y></pt><pt><x>90</x><y>0</y></pt><pt><x>90</x><y>95</y></pt><pt><x>8</x><y>95</y></pt></polygon></object></annotation>