<annotation><filename>mulberry_4.jpg</filename><folder>users/CanOP//uca_object_detection_2019_2020</folder><source><submittedBy>BérardVictor</submittedBy></source><imagesize><nrows>100</nrows><ncols>100</ncols></imagesize><object><name>mulberry</name><deleted>0</deleted><verified>0</verified><occluded>no</occluded><attributes></attributes><parts><hasparts></hasparts><ispartof></ispartof></parts><date>24-Oct-2019 15:29:27</date><id>0</id><type>bounding_box</type><polygon><username>CanOP</username><pt><x>14</x><y>28</y></pt><pt><x>95</x><y>28</y></pt><pt><x>95</x><y>92</y></pt><pt><x>14</x><y>92</y></pt></polygon></object></annotation>