<annotation><filename>nut_pecan_1.jpg</filename><folder>users/CanOP//uca_object_detection_2019_2020</folder><source><submittedBy>BérardVictor</submittedBy></source><imagesize><nrows>100</nrows><ncols>100</ncols></imagesize><object><name>nut pecan</name><deleted>0</deleted><verified>0</verified><occluded>no</occluded><attributes></attributes><parts><hasparts></hasparts><ispartof></ispartof></parts><date>24-Oct-2019 15:31:47</date><id>0</id><type>bounding_box</type><polygon><username>CanOP</username><pt><x>25</x><y>0</y></pt><pt><x>76</x><y>0</y></pt><pt><x>76</x><y>100</y></pt><pt><x>25</x><y>100</y></pt></polygon></object></annotation>