<annotation><filename>nut_forest_1.jpg</filename><folder>users/CanOP//uca_object_detection_2019_2020</folder><source><submittedBy>BérardVictor</submittedBy></source><imagesize><nrows>100</nrows><ncols>100</ncols></imagesize><object><name>nut forest</name><deleted>0</deleted><verified>0</verified><occluded>no</occluded><attributes></attributes><parts><hasparts></hasparts><ispartof></ispartof></parts><date>24-Oct-2019 15:30:55</date><id>0</id><type>bounding_box</type><polygon><username>CanOP</username><pt><x>0</x><y>7</y></pt><pt><x>100</x><y>7</y></pt><pt><x>100</x><y>93</y></pt><pt><x>0</x><y>93</y></pt></polygon></object></annotation>