<annotation><filename>nut_forest_4.jpg</filename><folder>users/CanOP//uca_object_detection_2019_2020</folder><source><submittedBy>BérardVictor</submittedBy></source><imagesize><nrows>100</nrows><ncols>100</ncols></imagesize><object><name>nut forest</name><deleted>0</deleted><verified>0</verified><occluded>no</occluded><attributes></attributes><parts><hasparts></hasparts><ispartof></ispartof></parts><date>24-Oct-2019 15:31:21</date><id>0</id><type>bounding_box</type><polygon><username>CanOP</username><pt><x>1</x><y>2</y></pt><pt><x>100</x><y>2</y></pt><pt><x>100</x><y>98</y></pt><pt><x>1</x><y>98</y></pt></polygon></object></annotation>