<annotation><filename>pomelo_sweetie_1.jpg</filename><folder>users/CanOP//uca_object_detection_2019_2020</folder><source><submittedBy>BérardVictor</submittedBy></source><imagesize><nrows>100</nrows><ncols>100</ncols></imagesize><object><name>pomelo sweet</name><deleted>0</deleted><verified>0</verified><occluded>no</occluded><attributes></attributes><parts><hasparts/><ispartof/></parts><date>25-Oct-2019 10:32:42</date><id>0</id><type>bounding_box</type><polygon><username>anonymous</username><pt><x>1</x><y>11</y></pt><pt><x>99</x><y>11</y></pt><pt><x>99</x><y>85</y></pt><pt><x>1</x><y>85</y></pt></polygon></object></annotation>