<annotation><filename>potato_white_3.jpg</filename><folder>users/CanOP//uca_object_detection_2019_2020</folder><source><submittedBy>BérardVictor</submittedBy></source><imagesize><nrows>100</nrows><ncols>100</ncols></imagesize><object><name>potato white</name><deleted>0</deleted><verified>0</verified><occluded>no</occluded><attributes></attributes><parts><hasparts></hasparts><ispartof></ispartof></parts><date>25-Oct-2019 10:35:46</date><id>0</id><type>bounding_box</type><polygon><username>CanOP</username><pt><x>1</x><y>5</y></pt><pt><x>97</x><y>5</y></pt><pt><x>97</x><y>94</y></pt><pt><x>1</x><y>94</y></pt></polygon></object></annotation>