<annotation><filename>strawberry_4.jpg</filename><folder>users/CanOP//uca_object_detection_2019_2020</folder><source><submittedBy>BérardVictor</submittedBy></source><imagesize><nrows>100</nrows><ncols>100</ncols></imagesize><object><name>strawberry</name><deleted>0</deleted><verified>0</verified><occluded>no</occluded><attributes></attributes><parts><hasparts></hasparts><ispartof></ispartof></parts><date>25-Oct-2019 11:34:22</date><id>0</id><type>bounding_box</type><polygon><username>CanOP</username><pt><x>3</x><y>0</y></pt><pt><x>95</x><y>0</y></pt><pt><x>95</x><y>89</y></pt><pt><x>3</x><y>89</y></pt></polygon></object></annotation>