<annotation><filename>tangelo_1.jpg</filename><folder>users/CanOP//uca_object_detection_2019_2020</folder><source><submittedBy>BérardVictor</submittedBy></source><imagesize><nrows>100</nrows><ncols>100</ncols></imagesize><object><name>tangelo</name><deleted>0</deleted><verified>0</verified><occluded>no</occluded><attributes></attributes><parts><hasparts></hasparts><ispartof></ispartof></parts><date>25-Oct-2019 12:17:03</date><id>0</id><type>bounding_box</type><polygon><username>CanOP</username><pt><x>5</x><y>0</y></pt><pt><x>93</x><y>0</y></pt><pt><x>93</x><y>100</y></pt><pt><x>5</x><y>100</y></pt></polygon></object></annotation>